order_date,daily_installment_sales,daily_non_installment_sales,running_installment_sales,running_non_installment_sales
2016-09-04,0.0,136.23,0.0,136.23
2016-09-05,75.06,0.0,75.06,136.23
2016-09-13,40.95,0.0,116.01,136.23
2016-10-02,0.0,109.34,116.01,245.57
2016-10-03,0.0,35.61,116.01,281.18
2016-10-04,34.42,0.0,150.43,281.18
2016-10-05,0.0,45.49,150.43,326.67
2016-10-06,162.6,0.0,313.03,326.67
2016-10-07,363.39,0.0,676.42,326.67
2016-10-08,68.72,0.0,745.14,326.67
2016-10-09,98.83,0.0,843.97,326.67
2016-10-10,0.0,87.51,843.97,414.18
2016-10-22,0.0,61.99,843.97,476.17
2016-12-23,0.0,19.62,843.97,495.79
2017-01-05,0.0,15.62,843.97,511.41
2017-01-06,0.0,21.45,843.97,532.86
2017-01-07,846.52,0.0,1690.49,532.86
2017-01-08,0.0,150.89,1690.49,683.75
2017-01-09,367.65,0.0,2058.14,683.75
2017-01-10,425.07,0.0,2483.21,683.75
2017-01-11,0.0,424.04,2483.21,1107.79
2017-01-12,399.72,0.0,2882.9300000000003,1107.79
2017-01-13,105.74,0.0,2988.67,1107.79
2017-01-14,160.67,0.0,3149.34,1107.79
2017-01-15,0.0,169.4,3149.34,1277.19
2017-01-16,0.0,55.11,3149.34,1332.3
2017-01-17,0.0,60.42,3149.34,1392.72
2017-01-18,123.04,0.0,3272.38,1392.72
2017-01-19,0.0,25.51,3272.38,1418.23
2017-01-20,0.0,51.64,3272.38,1469.8700000000001
2017-01-21,0.0,448.05,3272.38,1917.92
2017-01-22,76.74,0.0,3349.12,1917.92
2017-01-23,0.0,76.84,3349.12,1994.76
2017-01-24,302.58,0.0,3651.7,1994.76
2017-01-25,0.0,123.06,3651.7,2117.82
2017-01-26,0.0,239.64,3651.7,2357.46
2017-01-27,0.0,59.96,3651.7,2417.42
2017-01-28,0.0,137.6,3651.7,2555.02
2017-01-29,105.74,0.0,3757.4399999999996,2555.02
2017-01-30,0.0,114.1,3757.4399999999996,2669.12
2017-01-31,45.4,0.0,3802.8399999999997,2669.12
2017-02-01,125.53,0.0,3928.37,2669.12
2017-02-02,64.26,0.0,3992.63,2669.12
2017-02-03,89.56,0.0,4082.19,2669.12
2017-02-04,264.86,0.0,4347.05,2669.12
2017-02-05,0.0,25.85,4347.05,2694.97
2017-02-06,0.0,40.86,4347.05,2735.83
2017-02-07,0.0,102.23,4347.05,2838.06
2017-02-08,97.27,0.0,4444.320000000001,2838.06
2017-02-09,0.0,203.42,4444.320000000001,3041.48
2017-02-10,0.0,215.66,4444.320000000001,3257.14
2017-02-11,0.0,165.21,4444.320000000001,3422.35
2017-02-12,42.42,0.0,4486.740000000001,3422.35
2017-02-13,0.0,45.95,4486.740000000001,3468.2999999999997
2017-02-14,136.13,0.0,4622.870000000001,3468.2999999999997
2017-02-15,0.0,70.7,4622.870000000001,3538.9999999999995
2017-02-16,0.0,148.98,4622.870000000001,3687.9799999999996
2017-02-17,243.43,0.0,4866.300000000001,3687.9799999999996
2017-02-18,573.85,0.0,5440.1500000000015,3687.9799999999996
2017-02-19,0.0,161.02,5440.1500000000015,3848.9999999999995
2017-02-20,173.21,0.0,5613.3600000000015,3848.9999999999995
2017-02-21,0.0,56.64,5613.3600000000015,3905.6399999999994
2017-02-22,0.0,69.9,5613.3600000000015,3975.5399999999995
2017-02-23,0.0,57.51,5613.360000000001,4033.05
2017-02-24,0.0,53.96,5613.360000000001,4087.01
2017-02-25,0.0,87.51,5613.360000000001,4174.52
2017-02-26,33.51,0.0,5646.870000000001,4174.52
2017-02-27,145.59,0.0,5792.460000000001,4174.52
2017-02-28,667.71,0.0,6460.170000000001,4174.52
2017-03-01,0.0,222.09,6460.170000000001,4396.610000000001
2017-03-02,114.77,0.0,6574.940000000001,4396.610000000001
2017-03-03,212.0,0.0,6786.940000000001,4396.610000000001
2017-03-04,0.0,21.71,6786.940000000001,4418.320000000001
2017-03-05,0.0,5.52,6786.940000000001,4423.840000000001
2017-03-06,0.0,143.2,6786.940000000001,4567.040000000001
2017-03-07,237.62,0.0,7024.560000000001,4567.040000000001
2017-03-08,0.0,81.05,7024.560000000001,4648.090000000001
2017-03-09,0.0,159.12,7024.560000000001,4807.210000000001
2017-03-10,34.42,0.0,7058.980000000001,4807.210000000001
2017-03-11,41.51,0.0,7100.490000000001,4807.21
2017-03-12,139.27,0.0,7239.760000000001,4807.21
2017-03-13,125.8,0.0,7365.560000000001,4807.21
2017-03-14,64.74,0.0,7430.300000000001,4807.21
2017-03-15,0.0,62.84,7430.300000000001,4870.05
2017-03-16,31.42,0.0,7461.720000000001,4870.05
2017-03-17,89.25,0.0,7550.970000000001,4870.05
2017-03-18,169.28,0.0,7720.250000000001,4870.05
2017-03-19,0.0,50.95,7720.250000000001,4921.0
2017-03-20,3042.36,0.0,10762.61,4921.0
2017-03-21,245.68,0.0,11008.29,4921.0
2017-03-22,285.26,0.0,11293.550000000001,4921.0
2017-03-23,38.42,0.0,11331.970000000001,4921.0
2017-03-24,0.0,49.51,11331.970000000001,4970.51
2017-03-25,0.0,60.42,11331.970000000001,5030.93
2017-03-26,0.0,49.55,11331.970000000001,5080.4800000000005
2017-03-27,77.98,0.0,11409.95,5080.4800000000005
2017-03-28,0.0,28.86,11409.95,5109.34
2017-03-29,192.56,0.0,11602.51,5109.34
2017-03-30,0.0,20.52,11602.51,5129.860000000001
2017-03-31,309.12,0.0,11911.630000000001,5129.860000000001
2017-04-01,30.72,0.0,11942.35,5129.860000000001
2017-04-02,350.51,0.0,12292.86,5129.860000000001
2017-04-03,0.0,23.24,12292.86,5153.1
2017-04-04,116.75,0.0,12409.61,5153.1
2017-04-05,0.0,100.0,12409.61,5253.1
2017-04-06,89.75,0.0,12499.36,5253.1
2017-04-07,0.0,97.99,12499.36,5351.09
2017-04-08,0.0,156.02,12499.36,5507.110000000001
2017-04-09,89.25,0.0,12588.61,5507.110000000001
2017-04-10,0.0,96.1,12588.61,5603.210000000001
2017-04-11,461.02,0.0,13049.630000000001,5603.210000000001
2017-04-12,0.0,50.0,13049.630000000001,5653.210000000001
2017-04-13,369.19,0.0,13418.820000000002,5653.210000000001
2017-04-14,216.82,0.0,13635.640000000001,5653.210000000001
2017-04-15,0.0,37.74,13635.640000000001,5690.950000000001
2017-04-16,191.19,0.0,13826.830000000002,5690.950000000001
2017-04-17,156.61,0.0,13983.440000000002,5690.950000000001
2017-04-18,0.0,72.48,13983.440000000002,5763.43
2017-04-19,142.42,0.0,14125.860000000002,5763.43
2017-04-20,958.39,0.0,15084.250000000002,5763.43
2017-04-21,40.79,0.0,15125.040000000003,5763.43
2017-04-22,347.0,0.0,15472.040000000003,5763.43
2017-04-23,0.0,65.46,15472.040000000003,5828.89
2017-04-24,0.0,273.98,15472.040000000003,6102.870000000001
2017-04-25,0.0,87.6,15472.040000000003,6190.470000000001
2017-04-26,76.75,0.0,15548.790000000003,6190.470000000001
2017-04-27,0.0,84.81,15548.790000000003,6275.280000000002
2017-04-28,115.71,0.0,15664.5,6275.280000000001
2017-04-29,302.64,0.0,15967.14,6275.280000000001
2017-04-30,0.0,325.92,15967.14,6601.200000000001
2017-05-01,127.89,0.0,16095.029999999999,6601.200000000001
2017-05-02,246.79,0.0,16341.82,6601.200000000001
2017-05-03,45.67,0.0,16387.489999999998,6601.200000000001
2017-05-04,0.0,81.78,16387.489999999998,6682.9800000000005
2017-05-05,1033.12,0.0,17420.609999999997,6682.9800000000005
2017-05-06,0.0,156.72,17420.609999999997,6839.700000000001
2017-05-07,186.94,0.0,17607.549999999996,6839.700000000001
2017-05-08,121.48,0.0,17729.029999999995,6839.700000000001
2017-05-09,0.0,202.87,17729.029999999995,7042.570000000001
2017-05-10,39.75,0.0,17768.779999999995,7042.570000000001
2017-05-11,95.77,0.0,17864.549999999996,7042.570000000001
2017-05-12,93.08,0.0,17957.629999999997,7042.570000000001
2017-05-13,108.51,0.0,18066.139999999996,7042.570000000001
2017-05-14,30.75,0.0,18096.89,7042.570000000001
2017-05-15,0.0,86.15,18096.89,7128.72
2017-05-16,31.82,0.0,18128.71,7128.72
2017-05-17,0.0,49.53,18128.71,7178.25
2017-05-18,0.0,219.19,18128.71,7397.44
2017-05-19,667.99,0.0,18796.7,7397.44
2017-05-20,0.0,30.69,18796.7,7428.129999999999
2017-05-21,0.0,130.25,18796.7,7558.379999999999
2017-05-22,0.0,53.95,18796.7,7612.329999999999
2017-05-23,63.6,0.0,18860.3,7612.329999999999
2017-05-24,0.0,53.1,18860.3,7665.429999999999
2017-05-25,0.0,47.79,18860.3,7713.219999999999
2017-05-26,0.0,30.01,18860.3,7743.23
2017-05-27,95.21,0.0,18955.51,7743.23
2017-05-28,198.53,0.0,19154.039999999997,7743.23
2017-05-29,0.0,52.18,19154.039999999997,7795.41
2017-05-30,0.0,224.95,19154.04,8020.360000000001
2017-05-31,227.62,0.0,19381.66,8020.360000000001
2017-06-01,0.0,1015.8,19381.66,9036.16
2017-06-02,0.0,54.1,19381.66,9090.26
2017-06-03,124.97,0.0,19506.63,9090.26
2017-06-04,408.79,0.0,19915.420000000002,9090.26
2017-06-05,0.0,34.09,19915.420000000002,9124.35
2017-06-06,80.0,0.0,19995.420000000002,9124.35
2017-06-07,151.6,0.0,20147.02,9124.35
2017-06-08,0.0,5.45,20147.02,9129.800000000001
2017-06-09,0.0,152.99,20147.02,9282.79
2017-06-10,171.84,0.0,20318.86,9282.79
2017-06-11,143.92,0.0,20462.78,9282.79
2017-06-12,0.0,38.42,20462.78,9321.210000000001
2017-06-13,86.15,0.0,20548.93,9321.210000000001
2017-06-14,0.0,34.09,20548.93,9355.300000000001
2017-06-15,0.0,47.0,20548.93,9402.300000000001
2017-06-16,88.0,0.0,20636.93,9402.300000000001
2017-06-17,0.0,64.1,20636.93,9466.400000000001
2017-06-18,205.75,0.0,20842.68,9466.400000000001
2017-06-19,96.8,0.0,20939.48,9466.400000000001
2017-06-20,310.9,0.0,21250.38,9466.400000000001
2017-06-21,123.59,0.0,21373.97,9466.400000000001
2017-06-22,53.63,0.0,21427.600000000002,9466.400000000001
2017-06-23,0.0,82.6,21427.600000000002,9549.000000000002
2017-06-24,190.76,0.0,21618.36,9549.000000000002
2017-06-25,51.78,0.0,21670.14,9549.000000000002
2017-06-26,85.14,0.0,21755.28,9549.000000000002
2017-06-27,0.0,22.73,21755.28,9571.730000000001
2017-06-28,0.0,74.03,21755.28,9645.760000000002
2017-06-29,352.7,0.0,22107.98,9645.760000000002
2017-06-30,61.09,0.0,22169.07,9645.760000000002
2017-07-01,0.0,115.45,22169.07,9761.210000000001
2017-07-02,24.34,0.0,22193.41,9761.210000000001
2017-07-03,33.78,0.0,22227.19,9761.210000000001
2017-07-04,0.0,173.36,22227.19,9934.570000000002
2017-07-05,44.59,0.0,22271.78,9934.570000000002
2017-07-06,255.44,0.0,22527.219999999998,9934.570000000002
2017-07-07,265.98,0.0,22793.199999999997,9934.570000000002
2017-07-08,76.76,0.0,22869.959999999995,9934.570000000002
2017-07-09,188.62,0.0,23058.579999999994,9934.570000000002
2017-07-10,0.0,168.37,23058.579999999994,10102.940000000002
2017-07-11,71.53,0.0,23130.109999999993,10102.940000000002
2017-07-12,257.66,0.0,23387.769999999993,10102.940000000002
2017-07-13,145.29,0.0,23533.059999999994,10102.940000000002
2017-07-14,97.09,0.0,23630.149999999994,10102.940000000002
2017-07-15,1220.72,0.0,24850.869999999995,10102.940000000002
2017-07-16,167.87,0.0,25018.739999999994,10102.940000000002
2017-07-17,0.0,31.84,25018.739999999998,10134.78
2017-07-18,57.68,0.0,25076.42,10134.78
2017-07-19,0.0,38.94,25076.42,10173.720000000001
2017-07-20,119.08,0.0,25195.5,10173.720000000001
2017-07-21,0.0,86.73,25195.5,10260.45
2017-07-22,0.0,72.14,25195.5,10332.59
2017-07-23,35.0,0.0,25230.5,10332.59
2017-07-24,57.72,0.0,25288.22,10332.59
2017-07-25,45.11,0.0,25333.33,10332.59
2017-07-26,300.36,0.0,25633.690000000002,10332.59
2017-07-27,130.18,0.0,25763.870000000003,10332.59
2017-07-28,0.0,85.82,25763.870000000003,10418.41
2017-07-29,174.86,0.0,25938.730000000003,10418.41
2017-07-30,44.21,0.0,25982.940000000002,10418.41
2017-07-31,84.57,0.0,26067.510000000002,10418.41
2017-08-01,0.0,144.04,26067.510000000002,10562.45
2017-08-02,49.0,0.0,26116.51,10562.45
2017-08-03,88.08,0.0,26204.59,10562.45
2017-08-04,61.11,0.0,26265.7,10562.45
2017-08-05,76.08,0.0,26341.780000000002,10562.45
2017-08-06,0.0,24.72,26341.780000000002,10587.17
2017-08-07,386.93,0.0,26728.710000000003,10587.17
2017-08-08,215.01,0.0,26943.72,10587.17
2017-08-09,0.0,116.96,26943.72,10704.13
2017-08-10,57.82,0.0,27001.54,10704.13
2017-08-11,0.0,1404.41,27001.54,12108.539999999999
2017-08-12,0.0,53.09,27001.54,12161.63
2017-08-13,0.0,37.0,27001.54,12198.63
2017-08-14,106.97,0.0,27108.510000000002,12198.63
2017-08-15,1032.44,0.0,28140.95,12198.63
2017-08-16,0.0,47.07,28140.95,12245.699999999999
2017-08-17,99.11,0.0,28240.06,12245.699999999999
2017-08-18,0.0,81.24,28240.059999999998,12326.94
2017-08-19,41.01,0.0,28281.069999999996,12326.94
2017-08-20,160.93,0.0,28441.999999999996,12326.94
2017-08-21,0.0,64.62,28441.999999999996,12391.560000000001
2017-08-22,29.77,0.0,28471.769999999997,12391.560000000001
2017-08-23,35.13,0.0,28506.899999999998,12391.560000000001
2017-08-24,87.61,0.0,28594.51,12391.560000000001
2017-08-25,110.32,0.0,28704.829999999998,12391.560000000001
2017-08-26,69.14,0.0,28773.969999999998,12391.560000000001
2017-08-27,0.0,153.9,28773.969999999998,12545.460000000001
2017-08-28,253.19,0.0,29027.159999999996,12545.460000000001
2017-08-29,67.6,0.0,29094.759999999995,12545.460000000001
2017-08-30,27.33,0.0,29122.089999999997,12545.460000000001
2017-08-31,143.12,0.0,29265.209999999995,12545.460000000001
2017-09-01,87.41,0.0,29352.619999999995,12545.460000000001
2017-09-02,297.72,0.0,29650.339999999997,12545.460000000001
2017-09-03,0.0,28.79,29650.339999999997,12574.25
2017-09-04,75.07,0.0,29725.409999999996,12574.25
2017-09-05,406.14,0.0,30131.549999999996,12574.25
2017-09-06,45.76,0.0,30177.309999999994,12574.25
2017-09-07,87.53,0.0,30264.839999999993,12574.25
2017-09-08,0.0,313.43,30264.839999999993,12887.68
2017-09-09,504.11,0.0,30768.949999999993,12887.68
2017-09-10,0.0,83.63,30768.949999999993,12971.31
2017-09-11,102.74,0.0,30871.689999999995,12971.31
2017-09-12,116.85,0.0,30988.539999999994,12971.31
2017-09-13,0.0,29.9,30988.539999999994,13001.21
2017-09-14,115.4,0.0,31103.939999999995,13001.21
2017-09-15,0.0,440.73,31103.939999999995,13441.939999999999
2017-09-16,285.36,0.0,31389.299999999996,13441.939999999999
2017-09-17,36.1,0.0,31425.399999999994,13441.939999999999
2017-09-18,0.0,57.75,31425.399999999994,13499.689999999999
2017-09-19,77.57,0.0,31502.969999999998,13499.69
2017-09-20,54.1,0.0,31557.069999999996,13499.69
2017-09-21,0.0,21.09,31557.069999999996,13520.78
2017-09-22,40.11,0.0,31597.179999999997,13520.78
2017-09-23,257.65,0.0,31854.829999999998,13520.78
2017-09-24,368.11,0.0,32222.94,13520.78
2017-09-25,95.51,0.0,32318.449999999997,13520.78
2017-09-26,0.0,117.85,32318.449999999997,13638.630000000001
2017-09-27,0.0,80.19,32318.449999999997,13718.820000000002
2017-09-28,0.0,141.89,32318.449999999997,13860.710000000001
2017-09-29,319.37,0.0,32637.819999999996,13860.710000000001
2017-09-30,38.0,0.0,32675.819999999996,13860.710000000001
2017-10-01,0.0,69.56,32675.819999999996,13930.27
2017-10-02,0.0,105.06,32675.819999999996,14035.33
2017-10-03,0.0,144.56,32675.819999999996,14179.89
2017-10-04,203.07,0.0,32878.89,14179.89
2017-10-05,0.0,27.68,32878.89,14207.57
2017-10-06,62.82,0.0,32941.71,14207.57
2017-10-07,118.02,0.0,33059.729999999996,14207.57
2017-10-08,0.0,187.41,33059.729999999996,14394.98
2017-10-09,112.12,0.0,33171.85,14394.98
2017-10-10,73.15,0.0,33245.0,14394.98
2017-10-11,122.01,0.0,33367.01,14394.98
2017-10-12,319.89,0.0,33686.9,14394.98
2017-10-13,0.0,62.0,33686.9,14456.98
2017-10-14,0.0,35.84,33686.9,14492.82
2017-10-15,62.01,0.0,33748.91,14492.82
2017-10-16,32.0,0.0,33780.91,14492.82
2017-10-17,0.0,116.36,33780.91,14609.18
2017-10-18,0.0,39.09,33780.91,14648.27
2017-10-19,86.15,0.0,33867.060000000005,14648.27
2017-10-20,0.0,190.37,33867.060000000005,14838.640000000001
2017-10-21,0.0,47.81,33867.06,14886.45
2017-10-22,53.3,0.0,33920.36,14886.45
2017-10-23,0.0,112.79,33920.36,14999.240000000002
2017-10-24,0.0,333.51,33920.36,15332.750000000002
2017-10-25,71.04,0.0,33991.4,15332.750000000002
2017-10-26,0.0,51.01,33991.4,15383.760000000002
2017-10-27,53.21,0.0,34044.61,15383.760000000002
2017-10-28,165.29,0.0,34209.9,15383.760000000002
2017-10-29,0.0,120.09,34209.9,15503.850000000002
2017-10-30,231.8,0.0,34441.700000000004,15503.850000000002
2017-10-31,0.0,142.53,34441.700000000004,15646.380000000003
2017-11-01,0.0,65.01,34441.700000000004,15711.390000000003
2017-11-02,0.0,59.5,34441.700000000004,15770.890000000003
2017-11-03,44.0,0.0,34485.700000000004,15770.890000000003
2017-11-04,303.86,0.0,34789.560000000005,15770.890000000003
2017-11-05,91.1,0.0,34880.66,15770.890000000003
2017-11-06,107.02,0.0,34987.68,15770.890000000001
2017-11-07,0.0,47.74,34987.68,15818.630000000001
2017-11-08,0.0,35.72,34987.68,15854.35
2017-11-09,0.0,290.37,34987.68,16144.720000000001
2017-11-10,0.0,27.68,34987.68,16172.400000000001
2017-11-11,0.0,54.33,34987.68,16226.730000000001
2017-11-12,144.64,0.0,35132.32,16226.730000000001
2017-11-13,0.0,110.4,35132.32,16337.130000000001
2017-11-14,64.69,0.0,35197.01,16337.130000000001
2017-11-15,428.02,0.0,35625.03,16337.130000000001
2017-11-16,0.0,73.69,35625.03,16410.82
2017-11-17,0.0,116.94,35625.03,16527.76
2017-11-18,0.0,114.03,35625.03,16641.789999999997
2017-11-19,152.17,0.0,35777.2,16641.789999999997
2017-11-20,479.47,0.0,36256.67,16641.789999999997
2017-11-21,41.38,0.0,36298.049999999996,16641.789999999997
2017-11-22,0.0,420.28,36298.05,17062.07
2017-11-23,366.27,0.0,36664.32,17062.07
2017-11-24,0.0,66.67,36664.32,17128.739999999998
2017-11-25,612.59,0.0,37276.909999999996,17128.739999999998
2017-11-26,72.42,0.0,37349.329999999994,17128.739999999998
2017-11-27,0.0,43.68,37349.329999999994,17172.42
2017-11-28,0.0,41.95,37349.329999999994,17214.37
2017-11-29,185.94,0.0,37535.27,17214.37
2017-11-30,72.14,0.0,37607.409999999996,17214.37
2017-12-01,0.0,71.63,37607.409999999996,17286.0
2017-12-02,0.0,48.19,37607.409999999996,17334.19
2017-12-03,0.0,19.07,37607.409999999996,17353.26
2017-12-04,0.0,31.24,37607.409999999996,17384.5
2017-12-05,0.0,47.78,37607.409999999996,17432.28
2017-12-06,0.0,194.5,37607.409999999996,17626.78
2017-12-07,0.0,147.47,37607.409999999996,17774.25
2017-12-08,43.84,0.0,37651.25,17774.25
2017-12-09,0.0,134.49,37651.25,17908.74
2017-12-10,41.75,0.0,37693.0,17908.74
2017-12-11,60.01,0.0,37753.01,17908.74
2017-12-12,0.0,37.09,37753.01,17945.83
2017-12-13,279.98,0.0,38032.990000000005,17945.83
2017-12-14,0.0,75.07,38032.990000000005,18020.9
2017-12-15,0.0,57.72,38032.990000000005,18078.620000000003
2017-12-16,0.0,48.75,38032.990000000005,18127.370000000003
2017-12-17,0.0,58.09,38032.990000000005,18185.460000000003
2017-12-18,247.98,0.0,38280.97000000001,18185.460000000003
2017-12-19,0.0,264.95,38280.97000000001,18450.410000000003
2017-12-20,0.0,49.14,38280.97000000001,18499.550000000003
2017-12-21,0.0,128.34,38280.97000000001,18627.890000000003
2017-12-22,0.0,248.36,38280.97000000001,18876.250000000004
2017-12-23,42.27,0.0,38323.240000000005,18876.250000000004
2017-12-24,105.16,0.0,38428.4,18876.25
2017-12-25,51.14,0.0,38479.54,18876.25
2017-12-26,0.0,96.32,38479.54,18972.57
2017-12-27,164.79,0.0,38644.33,18972.57
2017-12-28,0.0,197.01,38644.33,19169.579999999998
2017-12-29,24.1,0.0,38668.43,19169.579999999998
2017-12-30,0.0,49.0,38668.43,19218.579999999998
2017-12-31,0.0,159.75,38668.43,19378.329999999998
2018-01-01,266.4,0.0,38934.83,19378.329999999998
2018-01-02,39.0,0.0,38973.83,19378.329999999998
2018-01-03,0.0,328.45,38973.83,19706.78
2018-01-04,0.0,74.64,38973.83,19781.42
2018-01-05,210.6,0.0,39184.43,19781.42
2018-01-06,0.0,19.33,39184.43,19800.75
2018-01-07,0.0,58.1,39184.43,19858.85
2018-01-08,173.0,0.0,39357.43,19858.85
2018-01-09,235.74,0.0,39593.17,19858.85
2018-01-10,0.0,89.27,39593.17,19948.12
2018-01-11,0.0,86.02,39593.17,20034.14
2018-01-12,115.5,0.0,39708.67,20034.14
2018-01-13,127.55,0.0,39836.22,20034.14
2018-01-14,0.0,45.07,39836.22,20079.21
2018-01-15,73.84,0.0,39910.06,20079.21
2018-01-16,0.0,185.84,39910.06,20265.05
2018-01-17,0.0,138.6,39910.06,20403.649999999998
2018-01-18,0.0,42.62,39910.06,20446.269999999997
2018-01-19,0.0,147.88,39910.06,20594.149999999998
2018-01-20,116.94,0.0,40027.0,20594.149999999998
2018-01-21,72.53,0.0,40099.53,20594.149999999998
2018-01-22,1778.01,0.0,41877.54,20594.149999999998
2018-01-23,86.95,0.0,41964.49,20594.149999999998
2018-01-24,104.19,0.0,42068.68,20594.149999999998
2018-01-25,463.9,0.0,42532.58,20594.149999999998
2018-01-26,398.88,0.0,42931.46,20594.149999999998
2018-01-27,357.81,0.0,43289.27,20594.149999999998
2018-01-28,0.0,170.71,43289.27,20764.859999999997
2018-01-29,183.22,0.0,43472.49,20764.859999999997
2018-01-30,0.0,141.13,43472.49,20905.989999999998
2018-01-31,0.0,75.08,43472.49,20981.07
2018-02-01,0.0,239.42,43472.49,21220.489999999998
2018-02-02,0.0,44.09,43472.49,21264.579999999998
2018-02-03,109.21,0.0,43581.7,21264.579999999998
2018-02-04,0.0,822.07,43581.7,22086.649999999998
2018-02-05,0.0,39.17,43581.7,22125.819999999996
2018-02-06,679.68,0.0,44261.38,22125.819999999996
2018-02-07,114.44,0.0,44375.82,22125.819999999996
2018-02-08,32.77,0.0,44408.59,22125.819999999996
2018-02-09,70.91,0.0,44479.5,22125.819999999996
2018-02-10,45.09,0.0,44524.590000000004,22125.82
2018-02-11,342.02,0.0,44866.61,22125.82
2018-02-12,0.0,42.68,44866.61,22168.5
2018-02-13,139.52,0.0,45006.13,22168.5
2018-02-14,418.5,0.0,45424.63,22168.5
2018-02-15,116.94,0.0,45541.57,22168.5
2018-02-16,0.0,69.17,45541.57,22237.67
2018-02-17,89.36,0.0,45630.93,22237.67
2018-02-18,144.45,0.0,45775.38,22237.67
2018-02-19,0.0,287.84,45775.38,22525.51
2018-02-20,99.09,0.0,45874.469999999994,22525.51
2018-02-21,54.1,0.0,45928.56999999999,22525.51
2018-02-22,0.0,37.8,45928.56999999999,22563.309999999998
2018-02-23,0.0,214.99,45928.56999999999,22778.3
2018-02-24,0.0,31.77,45928.56999999999,22810.07
2018-02-25,198.29,0.0,46126.85999999999,22810.07
2018-02-26,135.49,0.0,46262.350000000006,22810.07
2018-02-27,0.0,170.31,46262.350000000006,22980.38
2018-02-28,0.0,88.09,46262.350000000006,23068.47
2018-03-01,0.0,75.08,46262.350000000006,23143.550000000003
2018-03-02,0.0,88.2,46262.350000000006,23231.750000000004
2018-03-03,0.0,36.69,46262.350000000006,23268.440000000002
2018-03-04,138.53,0.0,46400.880000000005,23268.440000000002
2018-03-05,0.0,489.09,46400.880000000005,23757.530000000002
2018-03-06,0.0,40.66,46400.880000000005,23798.190000000002
2018-03-07,0.0,155.77,46400.880000000005,23953.960000000003
2018-03-08,0.0,20.29,46400.880000000005,23974.250000000004
2018-03-09,35.95,0.0,46436.83,23974.250000000004
2018-03-10,165.31,0.0,46602.14,23974.250000000004
2018-03-11,342.15,0.0,46944.29,23974.250000000004
2018-03-12,161.86,0.0,47106.15,23974.250000000004
2018-03-13,188.69,0.0,47294.840000000004,23974.250000000004
2018-03-14,0.0,43.31,47294.840000000004,24017.559999999998
2018-03-15,0.0,35.38,47294.840000000004,24052.94
2018-03-16,37.89,0.0,47332.73,24052.94
2018-03-17,66.95,0.0,47399.68,24052.94
2018-03-18,169.61,0.0,47569.29,24052.94
2018-03-19,288.72,0.0,47858.01,24052.94
2018-03-20,0.0,15.71,47858.01,24068.649999999998
2018-03-21,298.28,0.0,48156.29,24068.649999999998
2018-03-22,0.0,70.27,48156.29,24138.92
2018-03-23,213.96,0.0,48370.25,24138.92
2018-03-24,138.8,0.0,48509.05,24138.92
2018-03-25,774.47,0.0,49283.520000000004,24138.92
2018-03-26,95.76,0.0,49379.280000000006,24138.92
2018-03-27,0.0,88.9,49379.280000000006,24227.82
2018-03-28,103.89,0.0,49483.170000000006,24227.82
2018-03-29,175.08,0.0,49658.25000000001,24227.82
2018-03-30,0.0,3.21,49658.25,24231.03
2018-03-31,591.0,0.0,50249.25,24231.03
2018-04-01,0.0,28.13,50249.25,24259.16
2018-04-02,0.0,304.36,50249.25,24563.52
2018-04-03,0.0,116.46,50249.25,24679.98
2018-04-04,0.0,153.92,50249.25,24833.899999999998
2018-04-05,0.0,56.78,50249.25,24890.679999999997
2018-04-06,58.13,0.0,50307.38,24890.679999999997
2018-04-07,1989.96,0.0,52297.34,24890.679999999997
2018-04-08,0.0,61.19,52297.34,24951.869999999995
2018-04-09,0.0,108.2,52297.34,25060.069999999996
2018-04-10,0.0,197.43,52297.34,25257.499999999996
2018-04-11,48.21,0.0,52345.549999999996,25257.499999999996
2018-04-12,0.0,37.61,52345.549999999996,25295.109999999997
2018-04-13,0.0,400.02,52345.549999999996,25695.129999999997
2018-04-14,0.0,43.38,52345.549999999996,25738.51
2018-04-15,236.56,0.0,52582.11,25738.51
2018-04-16,102.61,0.0,52684.72,25738.51
2018-04-17,149.19,0.0,52833.91,25738.51
2018-04-18,103.43,0.0,52937.340000000004,25738.51
2018-04-19,78.3,0.0,53015.64000000001,25738.51
2018-04-20,521.37,0.0,53537.01000000001,25738.51
2018-04-21,0.0,36.73,53537.01000000001,25775.239999999998
2018-04-22,46.52,0.0,53583.530000000006,25775.239999999998
2018-04-23,264.67,0.0,53848.200000000004,25775.239999999998
2018-04-24,0.0,98.7,53848.200000000004,25873.94
2018-04-25,71.19,0.0,53919.39000000001,25873.94
2018-04-26,0.0,58.18,53919.39000000001,25932.12
2018-04-27,0.0,32.61,53919.39000000001,25964.73
2018-04-28,0.0,354.52,53919.39000000001,26319.25
2018-04-29,125.98,0.0,54045.37000000001,26319.25
2018-04-30,0.0,88.36,54045.37000000001,26407.61
2018-05-01,174.97,0.0,54220.340000000004,26407.609999999997
2018-05-02,0.0,113.11,54220.340000000004,26520.719999999998
2018-05-03,0.0,174.97,54220.340000000004,26695.69
2018-05-04,0.0,44.22,54220.340000000004,26739.91
2018-05-05,167.72,0.0,54388.060000000005,26739.91
2018-05-06,2213.22,0.0,56601.280000000006,26739.91
2018-05-07,172.33,0.0,56773.61000000001,26739.91
2018-05-08,0.0,118.53,56773.61000000001,26858.44
2018-05-09,448.51,0.0,57222.12000000001,26858.44
2018-05-10,115.0,0.0,57337.12000000001,26858.44
2018-05-11,0.0,115.0,57337.12000000001,26973.44
2018-05-12,0.0,125.97,57337.12000000001,27099.41
2018-05-13,185.73,0.0,57522.85000000001,27099.41
2018-05-14,0.0,35.19,57522.85000000001,27134.6
2018-05-15,89.61,0.0,57612.460000000014,27134.6
2018-05-16,473.36,0.0,58085.820000000014,27134.6
2018-05-17,0.0,58.16,58085.81999999999,27192.760000000002
2018-05-18,152.77,0.0,58238.58999999999,27192.760000000002
2018-05-19,123.38,0.0,58361.96999999999,27192.760000000002
2018-05-20,0.0,35.71,58361.96999999999,27228.47
2018-05-21,35.78,0.0,58397.749999999985,27228.47
2018-05-22,139.8,0.0,58537.54999999999,27228.47
2018-05-23,0.0,18.87,58537.54999999999,27247.34
2018-05-24,0.0,99.37,58537.54999999999,27346.71
2018-05-25,0.0,22.29,58537.54999999999,27369.0
2018-05-26,1023.87,0.0,59561.41999999999,27369.0
2018-05-27,0.0,111.13,59561.41999999999,27480.13
2018-05-28,165.56,0.0,59726.97999999999,27480.13
2018-05-29,0.0,218.66,59726.97999999999,27698.79
2018-05-30,195.91,0.0,59922.88999999999,27698.79
2018-05-31,436.49,0.0,60359.37999999999,27698.79
2018-06-01,139.71,0.0,60499.08999999999,27698.79
2018-06-02,264.34,0.0,60763.42999999999,27698.79
2018-06-03,152.82,0.0,60916.24999999999,27698.79
2018-06-04,0.0,50.44,60916.24999999999,27749.23
2018-06-05,354.81,0.0,61271.05999999999,27749.23
2018-06-06,99.15,0.0,61370.20999999999,27749.23
2018-06-07,0.0,19.88,61370.20999999999,27769.11
2018-06-08,57.79,0.0,61427.99999999999,27769.11
2018-06-09,59.91,0.0,61487.909999999996,27769.11
2018-06-10,277.7,0.0,61765.60999999999,27769.11
2018-06-11,0.0,198.74,61765.60999999999,27967.850000000002
2018-06-12,0.0,65.35,61765.60999999999,28033.2
2018-06-13,0.0,69.06,61765.60999999999,28102.260000000002
2018-06-14,291.44,0.0,62057.049999999996,28102.260000000002
2018-06-15,62.99,0.0,62120.03999999999,28102.260000000002
2018-06-16,0.0,53.52,62120.03999999999,28155.780000000002
2018-06-17,96.65,0.0,62216.689999999995,28155.780000000002
2018-06-18,0.0,90.83,62216.689999999995,28246.61
2018-06-19,0.0,20.0,62216.689999999995,28266.61
2018-06-20,69.54,0.0,62286.229999999996,28266.61
2018-06-21,0.0,150.78,62286.229999999996,28417.39
2018-06-22,0.0,162.86,62286.229999999996,28580.25
2018-06-23,0.0,77.25,62286.229999999996,28657.5
2018-06-24,289.57,0.0,62575.799999999996,28657.5
2018-06-25,0.0,186.47,62575.799999999996,28843.97
2018-06-26,68.35,0.0,62644.149999999994,28843.97
2018-06-27,0.0,50.41,62644.149999999994,28894.38
2018-06-28,0.0,41.84,62644.149999999994,28936.22
2018-06-29,87.18,0.0,62731.329999999994,28936.22
2018-06-30,0.0,164.94,62731.329999999994,29101.16
2018-07-01,133.39,0.0,62864.719999999994,29101.16
2018-07-02,0.0,48.3,62864.719999999994,29149.46
2018-07-03,0.0,162.91,62864.719999999994,29312.37
2018-07-04,0.0,209.36,62864.719999999994,29521.73
2018-07-05,0.0,100.69,62864.719999999994,29622.42
2018-07-06,0.0,155.66,62864.719999999994,29778.079999999998
2018-07-07,0.0,57.07,62864.719999999994,29835.149999999998
2018-07-08,188.28,0.0,63052.99999999999,29835.149999999998
2018-07-09,101.7,0.0,63154.69999999999,29835.149999999998
2018-07-10,0.0,39.96,63154.69999999999,29875.109999999997
2018-07-11,47.44,0.0,63202.13999999999,29875.109999999997
2018-07-12,135.84,0.0,63337.97999999999,29875.109999999997
2018-07-13,74.01,0.0,63411.98999999999,29875.109999999997
2018-07-14,94.74,0.0,63506.72999999999,29875.109999999997
2018-07-15,0.0,88.49,63506.72999999999,29963.6
2018-07-16,96.42,0.0,63603.14999999999,29963.6
2018-07-17,70.64,0.0,63673.789999999986,29963.6
2018-07-18,0.0,318.93,63673.789999999986,30282.53
2018-07-19,106.76,0.0,63780.54999999999,30282.53
2018-07-20,0.0,50.0,63780.549999999996,30332.53
2018-07-21,235.22,0.0,64015.77,30332.53
2018-07-22,341.09,0.0,64356.85999999999,30332.53
2018-07-23,158.07,0.0,64514.92999999999,30332.53
2018-07-24,113.7,0.0,64628.62999999999,30332.53
2018-07-25,0.0,540.76,64628.62999999999,30873.289999999997
2018-07-26,0.0,35.36,64628.62999999999,30908.649999999998
2018-07-27,0.0,259.36,64628.62999999999,31168.01
2018-07-28,125.44,0.0,64754.06999999999,31168.01
2018-07-29,0.0,172.76,64754.06999999999,31340.769999999997
2018-07-30,0.0,113.33,64754.06999999999,31454.1
2018-07-31,0.0,47.54,64754.06999999999,31501.64
2018-08-01,0.0,45.21,64754.06999999999,31546.85
2018-08-02,0.0,58.13,64754.06999999999,31604.98
2018-08-03,262.68,0.0,65016.74999999999,31604.98
2018-08-04,1655.6,0.0,66672.34999999999,31604.98
2018-08-05,0.0,193.46,66672.34999999999,31798.44
2018-08-06,24.66,0.0,66697.01,31798.44
2018-08-07,291.72,0.0,66988.73,31798.44
2018-08-08,0.0,82.06,66988.73,31880.5
2018-08-09,0.0,157.57,66988.73,32038.07
2018-08-10,0.0,90.73,66988.73,32128.8
2018-08-11,72.58,0.0,67061.31,32128.8
2018-08-12,111.76,0.0,67173.06999999999,32128.8
2018-08-13,0.0,84.46,67173.06999999999,32213.26
2018-08-14,0.0,108.53,67173.06999999999,32321.789999999997
2018-08-15,192.39,0.0,67365.45999999999,32321.789999999997
2018-08-16,128.86,0.0,67494.31999999999,32321.789999999997
2018-08-17,0.0,256.87,67494.31999999999,32578.659999999996
2018-08-18,0.0,70.12,67494.31999999999,32648.779999999995
2018-08-19,0.0,44.18,67494.31999999999,32692.959999999995
2018-08-20,194.7,0.0,67689.01999999999,32692.959999999995
2018-08-21,0.0,28.4,67689.01999999999,32721.359999999997
2018-08-22,193.84,0.0,67882.85999999999,32721.359999999997
2018-08-23,0.0,70.59,67882.85999999999,32791.95
2018-08-24,116.38,0.0,67999.23999999999,32791.95
2018-08-25,0.0,94.66,67999.23999999999,32886.61
2018-08-26,0.0,98.26,67999.23999999999,32984.87
2018-08-27,94.66,0.0,68093.9,32984.87
2018-08-28,0.0,66.67,68093.9,33051.54
2018-08-29,73.1,0.0,68167.0,33051.54
2018-08-30,0.0,490.99,68167.0,33542.53
2018-08-31,0.0,63.89,68167.0,33606.42
2018-09-03,0.0,94.63,68167.0,33701.049999999996
2018-09-06,0.0,107.13,68167.0,33808.17999999999
2018-09-10,0.0,51.17,68167.0,33859.34999999999
2018-09-11,0.0,258.67,68167.0,34118.01999999999
2018-09-12,0.0,84.58,68167.0,34202.59999999999
2018-09-13,0.0,414.04,68166.99999999999,34616.64
2018-09-17,0.0,84.58,68166.99999999999,34701.22
2018-09-20,0.0,191.46,68166.99999999999,34892.68
2018-09-25,0.0,221.54,68166.99999999999,35114.22
2018-09-26,0.0,94.63,68166.99999999999,35208.85
2018-09-29,0.0,137.03,68166.99999999999,35345.88
2018-10-01,0.0,80.38,68166.99999999999,35426.259999999995
2018-10-03,0.0,197.55,68166.99999999999,35623.81
2018-10-16,0.0,222.03,68166.99999999999,35845.84
2018-10-17,0.0,89.71,68166.99999999999,35935.549999999996
